Hero Damage,Damage Taken,Teamfight Participation,Turret Damage,Performance,Role,Role Id,Analysis
16,14,47,0,Bad,Jungler,1,"Permainan Kurang baik, rotasi sudah baik, namun jangan melupakan objektif turret  karena support kurang damage jika melakukan solo push"
21,19,50,56,Good,Jungler,1,"Permainan sangat baik, pertahankan permainanmu karena sudah bagus"
21,10,33,0,Bad,Jungler,1,"Permainan Kurang baik, rotasi sudah baik, namun jangan melupakan objektif turret  karena support kurang damage jika melakukan solo push, jangan fokus war komunikasikan dengan tim mu"
32,24,67,21,Bad,Jungler,1,"Tingkatkan lagi objektif, untuk rotasi sangat baik, perhatikan posisi saat war"
22,20,65,13,Bad,Jungler,1,"Permainan kurag baik, tingkatkan lagi objektif turret, untuk rotasi sudah baik, namun perhatikan posisi saat memasuki war agar tidak terpick off duluan"
24,11,0,58,Bad,Jungler,1,"Permainan buruk, objektif sudah sangat baik karena hal utama, namun jangan melupakan rotasi untuk membantu sisi samping"
28,15,63,66,Good,Jungler,1,"Permainan sangat baik, pertahankan permainanmu karena sudah bagus"
26,10,68,4,Bad,Jungler,1,"Permainan cukup baik, rotasi sudah sangat baik untuk membantu, fokus objektif terlebih dahulu, karena objektif sangat kurang"
28,11,57,0,Bad,Jungler,1,"Permainan Kurang baik, rotasi sudah baik, namun jangan melupakan objektif turret  karena support kurang damage jika melakukan solo push, jangan fokus war komunikasikan dengan tim mu"
14,15,100,0,Bad,Jungler,1,"Permainan Kurang baik, rotasi sudah baik, namun jangan melupakan objektif turret  karena support kurang damage jika melakukan solo push"
21,14,66,35,Good,Jungler,1,"Permainan cukup baik, tingkatkan lagi objektif turret,  rotasi sangat baik untuk membantu tim"
20,14,76,0,Bad,Jungler,1,"Permainan Kurang baik, rotasi sudah baik, namun jangan melupakan objektif turret  karena support kurang damage jika melakukan solo push"
19,19,47,0,Bad,Jungler,1,"Permainan Kurang baik, rotasi sudah baik, namun jangan melupakan objektif turret  karena support kurang damage jika melakukan solo push"
33,14,61,27,Bad,Jungler,1,"Rotasi sudah sangat baik, namun tingkatkan lagi objektif turret terutama untuk daerah mid"
21,18,50,20,Bad,Jungler,1,"Permainan kurang baik, tingkatkan lagi untuk objektif turret, jangan fokus untuk meningkatkan kill, untuk rotasi sudah bagus"
29,20,0,0,Bad,Jungler,1,"Permainan sangat buruk, lakukan rotasi dan objektif turret jangan fokus kill karena objektif adalah hal utama"
33,14,61,14,Bad,Jungler,1,"Permainan kurang baik, tingkatkan lagi untuk objektif turret, jangan fokus untuk meningkatkan kill, untuk rotasi sudah bagus"
19,13,75,0,Bad,Jungler,1,"Permainan Kurang baik, rotasi sudah baik, namun jangan melupakan objektif turret  karena support kurang damage jika melakukan solo push"
27,7,70,28,Bad,Jungler,1,"Permainan cukup baik, rotasi dan posisi sangat baik saat fight maupun team fight, tapi tingkatkan lagi rotasi karena objektif utama"
18,13,54,19,Bad,Jungler,1,"Rotasi sudah baik, namun kurang objektif turret, perhatikan posisi saat fight"
17,6,60,0,Bad,Jungler,1,"Permainan Kurang baik, rotasi sudah baik, namun jangan melupakan objektif turret  karena support kurang damage jika melakukan solo push"
17,15,56,54,Good,Jungler,1,"Permainan sangat baik, pertahankan permainanmu karena sudah bagus"
22,13,77,47,Good,Jungler,1,"Permainan sangat baik, pertahankan permainanmu karena sudah bagus"
17,14,62,46,Good,Jungler,1,"Permainan sangat baik, Jangan khawatir jika mendapat kill sedikit utamakan objektif, posisi sudah baik saat war"
14,12,59,20,Bad,Jungler,1,"Permainan kurang baik, tingkatkan lagi untuk objektif turret, jangan fokus untuk meningkatkan kill, untuk rotasi dan posisi sudah bagus"
25,12,59,32,Bad,Jungler,1,"Permainan kurang baik, tingkatkan lagi untuk objektif turret, jangan fokus untuk meningkatkan kill, untuk rotasi dan posisi sudah bagus"
19,17,67,38,Good,Jungler,1,"Permainan cukup baik, objektif turret  sukup baik,  rotasi sangat baik untuk membantu tim, perhatikan posisi saat war"
25,13,63,52,Good,Jungler,1,"Permainan sangat baik, pertahankan permainanmu karena sudah bagus"
17,16,87,66,Good,Jungler,1,"Permainan sangat baik, Jangan khawatir jika mendapat kill sedikit utamakan objektif, posisi sudah baik saat war"
24,25,75,0,Bad,Jungler,1,"Rotasi sudah baik, namun objektif turret tidak ada, perhatikan posisi saat fight agar tidak sering terpick off, jangan fokus mencari kill karena objektif adalah utama"
27,12,53,24,Bad,Jungler,1,"Permainan kurang baik, tingkatkan lagi untuk objektif turret, jangan fokus untuk meningkatkan kill, untuk rotasi dan posisi sudah bagus"
31,17,63,2,Bad,Jungler,1,"Rotasi sudah baik, namun kurang objektif turret, perhatikan posisi saat fight, jangan fokus mencari kill karena objektif adalah utama"
20,14,67,0,Bad,Jungler,1,"Rotasi sudah baik, namun kurang objektif turret, perhatikan posisi saat fight, jangan fokus mencari kill karena objektif adalah utama"
29,17,65,33,Bad,Jungler,1,"Rotasi sudah baik, namun kurang objektif turret, perhatikan posisi saat fight agar tidak terpick off duluan, jangan fokus mencari kill karena objektif adalah utama"
21,18,73,0,Bad,Jungler,1,"Rotasi sanagat baik, namun objektif turret sangat kurang, jangan fokus mencari kill karena objektif adalah utama"
34,13,74,49,Good,Jungler,1,"tingkatkan lagi objektif turret, untuk rotasi sudah baik, kill memang diperlukan namun bukan hal yang utama"
19,14,53,14,Bad,Jungler,1,"Rotasi sudah baik, namun kurang objektif turret, posisi saat fight sudah baik, jangan fokus mencari kill karena objektif adalah utama"
28,8,63,63,Good,Jungler,1,"Permainan sangat baik, Jangan khawatir jika mendapat kill sedikit utamakan objektif, posisi sudah baik saat war"
23,14,58,38,Good,Jungler,1,"Permainan cukup baik, tingkatkan lagi objektif turret,  rotasi sangat baik untuk membantu tim"
25,11,55,20,Bad,Jungler,1,"Permainan kurang baik, tingkatkan lagi untuk objektif turret, jangan fokus untuk meningkatkan kill, untuk rotasi dan posisi sudah bagus"
26,12,43,21,Bad,Jungler,1,"Permainan kurang baik, tingkatkan lagi untuk objektif turret, jangan fokus untuk meningkatkan kill, untuk rotasi dan posisi sudah bagus"
33,16,68,14,Bad,Jungler,1,"Rotasi sudah baik, namun kurang objektif turret, perhatikan posisi saat fight, jangan fokus mencari kill karena objektif adalah utama"
29,24,71,0,Bad,Jungler,1,"Rotasi sudah baik, namun kurang objektif turret, perhatikan posisi saat fight agar tidak terpick off duluan, jangan fokus mencari kill karena objektif adalah utama"
31,12,67,31,Bad,Jungler,1,"Rotasi sudah baik, namun kurang objektif turret, perhatikan posisi saat fight agar tidak terpick off duluan, jangan fokus mencari kill karena objektif adalah utama"
23,18,60,34,Good,Jungler,1,"Permainan cukup baik, tingkatkan lagi objektif turret,  rotasi sangat baik untuk membantu tim"
20,11,37,24,Good,Jungler,1,"Permainan cukup baik, tingkatkan lagi objektif turret,  rotasi sangat baik untuk membantu tim"
20,12,63,24,Bad,Jungler,1,"Rotasi sudah baik, namun kurang objektif turret, perhatikan posisi saat fight agar tidak terpick off duluan, jangan fokus mencari kill karena objektif adalah utama"
27,18,63,53,Good,Jungler,1,"Permainan sangat baik, Jangan khawatir jika mendapat kill sedikit utamakan objektif, posisi sudah baik saat war, objektif yang baik pada match ini"
20,14,44,31,Good,Jungler,1,"Permainan sangat baik, Jangan khawatir jika mendapat kill sedikit utamakan objektif, posisi sudah baik saat war"
33,18,81,5,Bad,Jungler,1,"Rotasi sudah baik, namun kurang objektif turret, perhatikan posisi saat fight agar tidak terpick off duluan, jangan fokus mencari kill karena objektif adalah utama"
15,19,30,0,Bad,Jungler,1,"Permainan sangat buruk,rotasi kurang baik,  kurang objektif turret, perhatikan posisi saat fight agar tidak terpick off duluan"
23,24,67,31,Bad,Jungler,1,"Permainan kurang baik, perhatikan posisi saat war karena sering terpick off, untuk rotasi sudah baik, namun jangan over commit"
31,22,75,0,Bad,Jungler,1,"Permainan kurang baik, tidak ada objektif turret, perhatikan posisi saat memasuki pertempuran sehingga terlalu sering terpick off"
15,21,20,0,Bad,Jungler,1,"Permainan kurang baik, tidak ada objektif turret, perhatikan posisi saat memasuki pertempuran sehingga terlalu sering terpick off, jangan fokus untuk mencari kill karena objektif adalah utama"
20,16,42,51,Good,Jungler,1,"Permainan sangat baik, Jangan khawatir jika mendapat kill sedikit utamakan objektif, posisi sudah baik saat war"
21,12,54,4,Bad,Jungler,1,"Rotasi sudah baik, namun kurang objektif turret, perhatikan posisi saat fight agar tidak terpick off duluan, jangan fokus mencari kill karena objektif adalah utama"
29,14,82,59,Good,Jungler,1,"Permainan sangat baik, pertahankan permainanmu karena sudah bagus, jangan khawatir jika kill sedikit karena fokus objektif adalah utama"
20,11,23,20,Good,Jungler,1,"Permainan cukup baik, pertahankan permainanmu, statistik sangat baik untuk KDA"
13,8,41,67,Good,Jungler,1,"Permainan sangat baik, pertahankan permainanmu karena sudah bagus, jangan khawatir jika kill sedikit karena fokus objektif adalah utama"
33,11,88,40,Bad,Jungler,1,"Tingkatkan lagi objektif, untuk rotasi sangat baik, jangan terlalu mencari kill walaupun itu dibutuhkan, fokus objektif agar rotasi lebih mudah"
35,11,80,0,Bad,Jungler,1,"Rotasi sudah baik, kurang objektif turret bantu mid agar rotasi mid lebih mudah, jangan terlalu fokus mencari kill fokus untuk objektif"
23,10,33,25,Good,Jungler,1,"Permainan cukup baik, tingkatkan lagi objektif turret,  rotasi sangat baik untuk membantu tim"
14,13,38,0,Bad,Jungler,1,"Tidak ada objektif turret, tingkatkan lagi rotasi untuk membantu sisi samping, bantu damage ke hero lawan sehingga memudahkan rotasi tim, untuk posisi sudah baik pertahankan"
34,14,68,18,Bad,Jungler,1,"Tingkatkan lagi objektif, untuk rotasi sangat baik, jangan terlalu mencari kill walaupun itu dibutuhkan, fokus objektif agar rotasi lebih mudah"
23,10,71,0,Bad,Jungler,1,"Rotasi sudah baik, kurang objektif turret bantu mid agar rotasi mid lebih mudah, jangan terlalu fokus mencari kill fokus untuk objektif"
23,22,54,18,Bad,Jungler,1,"partisipasi teamfight yang cukup besar, damage yang diberikan kepada lawan juga cukup besar tapi makro yang kurang maksimal"
19,25,13,0,Bad,Gold,2,"Permainan Buruk, perhatikan map dan komunikasikan dengan tim agar tidak tergena ganking, fokus untuk clear minion dahulu usahakan jangan tertinggal terutama dibawah menit lima"
26,20,50,25,Bad,Gold,2,"Permainan cukup baik, namun jangan melupakan objektif, jaga posisi dan jangan over commit"
17,19,33,11,Bad,Gold,2,"terlalu sering mengikuti war, komunikasikan dengan tim agar mengikuti war dengan maksimal, fokus untuk objektif terleboh dahulu"
41,18,58,55,Good,Gold,2,"permainan sangat baik terus tingkatkan kemampuanmu, partisipasi saat war dan objektif sangat baik"
23,12,39,49,Good,Gold,2,"permainan sangat baik terus tingkatkan kemampuanmu, partisipasi saat war dan objektif sangat baik"
32,18,58,6,Bad,Gold,2,"Permainan Buruk, fokus untuk clear minion dahulu usahakan jangan tertinggal terutama dibawah menit lima, jangan memaksa rotasi  jika tidak dibutuhkan, fokus menjadikan item terlebih dahulu"
12,17,50,16,Bad,Gold,2,"Permainan Buruk, fokus untuk clear minion dahulu usahakan jangan tertinggal terutama dibawah menit lima, jangan memaksa rotasi  jika tidak dibutuhkan, fokus menjadikan item terlebih dahulu"
26,16,57,49,Good,Gold,2,"permainan sangat baik terus tingkatkan kemampuanmu, partisipasi saat war dan objektif sangat baik"
14,17,24,0,Bad,Gold,2,"Permainan Buruk, fokus untuk clear minion dahulu usahakan jangan tertinggal terutama dibawah menit lima, jangan memaksa rotasi  jika tidak dibutuhkan, fokus menjadikan item terlebih dahulu"
8,18,50,0,Bad,Gold,2,"Permainan Buruk, fokus untuk clear minion dahulu usahakan jangan tertinggal terutama dibawah menit lima, jangan memaksa rotasi  jika tidak dibutuhkan, fokus menjadikan item terlebih dahulu"
29,8,53,39,Good,Gold,2,"permainan sangat baik terus tingkatkan kemampuanmu, partisipasi saat war dan objektif sangat baik"
24,13,53,91,Good,Gold,2,"permainan yang baik terus tingkatkan kemampuanmu, partisipasi saat war dan objektif sangat baik"
22,24,61,32,Bad,Gold,2,"permainan cukup baik, namun terlalu sering terpick off, jaga posisi dan perhatikan map agar tidak terkena ganking, tingkatkan lagi untuk objektif ke turret"
17,12,27,33,Good,Gold,2,"permainan cukup baik, perbaiki rotasi unttuk membantu tim jika item dan posisi memungkinkan, tapi tetap objektif terleboh dahulu"
16,21,44,14,Bad,Gold,2,"terlalu sering mengikuti war, komunikasikan dengan tim agar mengikuti war dengan maksimal, fokus untuk objektif terleboh dahulu"
27,18,25,44,Bad,Gold,2,"Objektif sudah baik, hanya perlu meningkatkan partisipasi saat war, lakukan rotasi jika dibutuhkan dan item sudah mumpuni"
16,24,0,0,Bad,Gold,2,"Permainan sangat buruk, terlalu sering terpick off, fokus untuk menjadikan item terlebih dahulu, komunikasikan dengan tim agar tidak terkena ganking"
21,18,75,0,Bad,Gold,2,"Permainan Buruk, fokus untuk clear minion dahulu usahakan jangan tertinggal terutama dibawah menit lima, jangan memaksa rotasi  jika tidak dibutuhkan, fokus menjadikan item terlebih dahulu"
27,19,33,11,Bad,Gold,2,"permainan cukup baik, rotasi dan damage kepada hero sudah bagus, tetapi tingkatkan lagi untuk objektif turret"
16,23,46,31,Good,Gold,2,"permainan sangat baik, rotasi sudah bagus, objektif juga maksimal, namun jangan sering terpick off jaga posisi, karena gold lane merupakan salah satu damage utama"
15,19,29,28,Good,Gold,2,"permainan sangat baik, rotasi sudah bagus, objektif juga maksimal, namun jangan sering terpick off jaga posisi, karena gold lane merupakan salah satu damage utama"
29,14,44,100,Normal,Gold,2,"Permainan sudah baik, objektif sangat maksimal, hanya perlu meningkatkan lagi rotasi untuk mengikuti war"
40,15,80,0,Bad,Gold,2,"Permainan Buruk, fokus untuk clear minion dahulu usahakan jangan tertinggal terutama dibawah menit lima, jangan memaksa rotasi  jika tidak dibutuhkan, fokus menjadikan item terlebih dahulu"
12,21,24,6,Bad,Gold,2,"Permainan Buruk, fokus untuk clear minion dahulu usahakan jangan tertinggal terutama dibawah menit lima, jangan memaksa rotasi  jika tidak dibutuhkan, fokus menjadikan item terlebih dahulu"
25,18,37,28,Good,Gold,2,"permainan sangat baik, rotasi sudah bagus, objektif juga maksimal, namun jangan sering terpick off jaga posisi, karena gold lane merupakan salah satu damage utama"
31,16,50,0,Bad,Gold,2,"Permainan Buruk, fokus untuk clear minion dahulu usahakan jangan tertinggal terutama dibawah menit lima, jangan memaksa rotasi  jika tidak dibutuhkan lebih baik push turret, fokus menjadikan item terlebih dahulu"
14,17,13,48,Bad,Gold,2,"Objektif sudah baik, hanya perlu meningkatkan partisipasi saat war, lakukan rotasi jika dibutuhkan dan item sudah mumpuni"
15,10,18,0,Bad,Gold,2,"Permainan Buruk, fokus untuk clear minion dahulu usahakan jangan tertinggal terutama dibawah menit lima, jangan memaksa rotasi  jika tidak dibutuhkan, fokus menjadikan item terlebih dahulu"
17,16,37,42,Good,Gold,2,"permainan yang baik terus tingkatkan kemampuanmu, partisipasi saat war dan objektif sangat baik"
31,20,67,25,Bad,Gold,2,"tingkatkan lagi untuk objektif turret, jika item sudah jadi jangan hanya mencari kill karena objektif nomer satu"
8,14,27,32,Good,Gold,2,"permainan yang baik terus tingkatkan kemampuanmu, partisipasi saat war dan objektif sangat baik, jika sudah memiliki item yang mendukung, bantu memberikan damage kepada hero lawan"
21,18,32,0,Bad,Gold,2,"Permainan Buruk, fokus untuk clear minion dahulu usahakan jangan tertinggal terutama dibawah menit lima, jangan memaksa rotasi  jika tidak dibutuhkan, fokus menjadikan item terlebih dahulu"
24,14,47,65,Good,Gold,2,"permainan sangat baik terus tingkatkan kemampuanmu, partisipasi saat war dan objektif sangat baik"
17,10,0,0,Bad,Gold,2,"Permainan sangat buruk, terlalu sering terpick off, fokus untuk menjadikan item terlebih dahulu, komunikasikan dengan tim agar tidak terkena ganking"
20,10,40,24,Good,Gold,2,"Permainan sudah baik, tingkatkan lagi objektif turret , untuk rotasi sudah bagus"
22,20,20,100,Bad,Gold,2,"Objektif sudah baik, hanya perlu meningkatkan partisipasi saat war, lakukan rotasi jika dibutuhkan dan item sudah mumpuni"
21,29,42,37,Good,Gold,2,"Permainan cukup baik, rotasi sudah bagus, namun perhatikan posisi agar tidak sering terpick off, tingkatkan lagi objektif turret"
25,36,49,6,Bad,Gold,2,"Permainan Buruk, fokus untuk clear minion dahulu usahakan jangan tertinggal terutama dibawah menit lima, jangan memaksa rotasi  jika tidak dibutuhkan, fokus menjadikan item terlebih dahulu"
19,14,42,50,Good,Gold,2,"permainan sangat baik terus tingkatkan kemampuanmu, partisipasi saat war dan objektif sangat baik"
20,17,45,35,Good,Gold,2,"permainan sangat baik terus tingkatkan kemampuanmu, partisipasi saat war dan objektif sangat baik"
20,14,39,53,Good,Gold,2,"permainan sangat baik terus tingkatkan kemampuanmu, partisipasi saat war dan objektif sangat baik"
13,15,44,37,Good,Gold,2,"permainan sangat baik terus tingkatkan kemampuanmu, partisipasi saat war dan objektif sangat baik"
15,10,62,49,Good,Gold,2,"permainan sangat baik terus tingkatkan kemampuanmu, partisipasi saat war dan objektif sangat baik"
24,23,48,30,Bad,Gold,2,"tingkatkan lagi untuk objektif turret, jika item sudah jadi jangan hanya mencari kill karena objektif nomer satu"
20,11,35,36,Good,Gold,2,"Permainan yang bagus, pertahankan permainan mu, objektif dan rotasi sudah baik"
21,14,30,48,Good,Gold,2,"Permainan yang bagus, pertahankan permainan mu, objektif dan rotasi sudah baik"
26,21,58,48,Good,Gold,2,"Permainan sudah bagus, hanya perlu memperhatikan map dan posisi agar tidak sering terpick off oleh lawan"
22,22,37,36,Good,Gold,2,"Permainan sudah bagus, hanya perlu memperhatikan map dan posisi agar tidak sering terpick off oleh lawan"
26,29,31,16,Bad,Gold,2,"terlalu sering mengikuti war, komunikasikan dengan tim agar mengikuti war dengan maksimal, fokus untuk objektif terleboh dahulu"
23,12,53,43,Good,Gold,2,"Permainan yang bagus, pertahankan permainan mu, objektif dan rotasi sudah baik"
15,21,30,100,Bad,Gold,2,"Objektif sudah baik, hanya perlu meningkatkan partisipasi saat war, lakukan rotasi jika dibutuhkan dan item sudah mumpuni"
10,20,42,26,Good,Gold,2,"permainan sangat baik terus tingkatkan kemampuanmu, partisipasi saat war dan objektif sangat baik"
38,14,63,100,Good,Gold,2,"permainan sangat baik terus tingkatkan kemampuanmu, partisipasi saat war dan objektif sangat baik"
19,16,83,67,Good,Gold,2,"permainan sangat baik terus tingkatkan kemampuanmu, partisipasi saat war dan objektif sangat baik"
19,31,33,15,Bad,Gold,2,"Permainan Buruk, fokus untuk clear minion dahulu usahakan jangan tertinggal terutama dibawah menit lima, jangan memaksa rotasi  jika tidak dibutuhkan, fokus menjadikan item terlebih dahulu"
28,20,38,0,Bad,Gold,2,"Permainan Buruk, terlalu sering terpick off, fokus untuk clear minion dahulu usahakan jangan tertinggal terutama dibawah menit lima, jangan memaksa rotasi  jika tidak dibutuhkan, fokus menjadikan item terlebih dahulu"
16,11,41,0,Bad,Gold,2,"Permainan Buruk, fokus untuk clear minion dahulu usahakan jangan tertinggal terutama dibawah menit lima, jangan memaksa rotasi  jika tidak dibutuhkan, fokus menjadikan item terlebih dahulu"
19,22,44,17,Bad,Gold,2,"Permainan Buruk, fokus untuk clear minion dahulu usahakan jangan tertinggal terutama dibawah menit lima, jangan memaksa rotasi  jika tidak dibutuhkan, fokus menjadikan item terlebih dahulu"
28,24,55,6,Bad,Gold,2,"Permainan Buruk, fokus untuk clear minion dahulu usahakan jangan tertinggal terutama dibawah menit lima, jangan memaksa rotasi  jika tidak dibutuhkan, fokus menjadikan item terlebih dahulu"
17,24,53,34,Good,Gold,2,"Permainan yang bagus, objektif dan rotasi sudah baik, hanya perlu memperhatikan map dan posisi agar tidak terpick off oleh lawan"
20,18,40,100,Normal,Gold,2,"permainan sangat baik terus tingkatkan kemampuanmu, partisipasi saat war dan objektif sangat baik, tingkatkan lagi rotasi terutama saat sudah memiliki item damage"
23,21,45,35,Good,Gold,2,"Permainan cukup baik, rotasi sudah bagus, namun perhatikan posisi agar tidak sering terpick off, tingkatkan lagi objektif turret"
14,13,46,0,Bad,Gold,2,"terlalu sering mengikuti war, komunikasikan dengan tim agar mengikuti war dengan maksimal, fokus untuk objektif terleboh dahulu"
20,19,46,41,Good,Gold,2,"Permainan yang bagus, pertahankan permainan mu, objektif dan rotasi sudah baik"
24,9,43,37,Good,Gold,2,"Permainan yang bagus, pertahankan permainan mu, objektif dan rotasi sudah baik"
33,23,56,41,Good,Gold,2,"Presentase damage terbesar, menang di lane sendiri, tetapi kurang rotasi sehingga lane lain kalah tidak terbantu."
26,16,54,45,Good,Gold,2,"Permainan bagus, damage ke hero besar, damage ke turret besar, partisipasi tim fight kurang, tingkatkan lagi"
17,32,64,17,Bad,Gold,2,"Permainan bagus, hero kuat dan tahan lama ketika war sehingga memberikan kerugian pada pihak musuh yang skillnya terbuang dan mampu bertahan sampai tim datang."
15,17,60,0,Bad,Gold,2,"Permainan kurang bagus, sibuk di lane sendiri, damage yang diberikan kurang banyak."
19,19,36,59,Good,Gold,2,"Damage yang diberikan ke turret besar, tetapi tidak mampu memprediksi dimana musuh berada sehingga menyebabkan banyak mati dan memberikan banyak gold ke musuh."
13,14,24,38,Good,Gold,2,Kesulitan menjaga lane sendiri sehingga tidak dapat rotasi ke lane lain.
13,21,47,21,Bad,Gold,2,"Damage yang diberikan kecil, lane terjaga tetapi tidak bisa menghancurkan turret musuh."
23,13,46,0,Bad,Gold,2,"Rate turret damage sangat buruk, rate partisipasi war sangat buruk sebagai gold laner."
23,38,66,24,Bad,Exp,3,"perhatikan posisi dan timing saat masuk ke dalam peperangan, jangan terlalu memasang badan jika posisi kalah set up, untuk rotasi sudah baik"
24,26,57,100,Good,Exp,3,"permainan sangat baik, objektif dan rotasi juga baik, pertahankan permainanmu, dan terus kembangkan lagi "
21,26,100,0,Bad,Exp,3,"terlalu sering melakukan war dan tidak fokus terhadap objektif turret, jika kalah laning face maka jangan paksa untuk by one, perhatikan posisi saat masuk kedalam war"
12,18,31,21,Good,Exp,3,"laning face dan rotasi sudah bagus, tingkatkan lagi objektif kepada turret"
15,20,35,5,Bad,Exp,3,"terlalu sering melakukan war dan tidak fokus terhadap objektif turret, jika kalah laning face maka jangan paksa untuk by one, perhatikan posisi saat masuk kedalam war"
23,22,50,37,Good,Exp,3,"Permainan yang baik, rotasi dan objektif sudah baik, terus tingkatkan micro, macro dan mekanik mu"
26,30,48,23,Bad,Exp,3,"rotasi sudah baik namun kurang untuk objektif, komunikasikan dengan tim saat war, perhatikan lawan sebelum memasuki peperangan"
22,28,54,25,Bad,Exp,3,"rotasi sudah baik namun kurang untuk objektif, komunikasikan dengan tim saat war, perhatikan lawan sebelum memasuki peperangan"
11,31,17,9,Bad,Exp,3,"Permainan kurang baik, fokus untuk clear minion kemudian, ikut perang jika dibutuhkan, komunikasikan dengan teman satu tim"
37,26,100,0,Bad,Exp,3,"Permainan kurang baik, fokus untuk clear minion kemudian, ikut perang jika dibutuhkan, komunikasikan dengan teman satu tim"
20,27,0,0,Bad,Exp,3,"Permainan kurang baik, fokus untuk clear minion kemudian, ikut perang jika dibutuhkan, komunikasikan dengan teman satu tim, perhatikan posisi lawan agar tidak sering ter pick off"
15,34,48,29,Bad,Exp,3,"Permainan kurang baik, fokus untuk clear minion kemudian, ikut perang jika dibutuhkan, komunikasikan dengan teman satu tim"
15,34,0,0,Bad,Exp,3,"Permainan kurang baik, fokus untuk clear minion kemudian, ikut perang jika dibutuhkan, komunikasikan dengan teman satu tim"
20,16,54,23,Bad,Exp,3,"Permainan kurang baik, fokus untuk clear minion, tingkatkan lagi untuk push turret ikut perang jika dibutuhkan, komunikasikan dengan teman satu tim"
18,13,56,27,Bad,Exp,3,"Permainan kurang baik, fokus untuk clear minion, tingkatkan lagi untuk push turret ikut perang jika dibutuhkan, komunikasikan dengan teman satu tim"
14,27,65,20,Bad,Exp,3,"Permainan sudah bagus, tingkatkan lagi untuk objektif turret, jangan sering terpick off, perhatikan map dan komikasikan dengan tim"
17,32,54,11,Bad,Exp,3,"Permainan sudah bagus, tingkatkan lagi untuk objektif turret, jangan sering terpick off, perhatikan map dan komikasikan dengan tim"
15,37,38,9,Bad,Exp,3,"Permainan kurang baik, fokus untuk clear minion kemudian, ikut perang jika dibutuhkan, komunikasikan dengan teman satu tim"
15,18,18,26,Bad,Exp,3,"rotasi sudah baik namun kurang untuk objektif, komunikasikan dengan tim saat war, perhatikan lawan sebelum memasuki peperangan"
25,26,47,46,Good,Exp,3,"Permainan sudah bagus, objektif sudah dilakukan, tingkatkan lagi untuk rotasi dan perhatikan posisi lawan sebelum memasuki peperangan"
17,0,37,49,Good,Exp,3,"Permainan sangat baik, pertahankan permainan mu, tingkatkan kemampuan micro, macro serta mekanik"
20,19,50,82,Good,Exp,3,"Permainan sangat baik, pertahankan permainan mu, tingkatkan kemampuan micro, macro serta mekanik"
29,20,48,9,Bad,Exp,3,"Permainan kurang baik, fokus untuk clear minion kemudian, ikut perang jika dibutuhkan, komunikasikan dengan teman satu tim"
25,21,36,95,Normal,Exp,3,"Permaina sudah bagus, objektif sudah dilakukan, tingkatkan lagi untuk rotasi dan perhatikan posisi lawan sebelum memasuki peperangan"
26,38,37,7,Bad,Exp,3,"Permainan kurang baik, fokus untuk clear minion kemudian, ikut perang jika dibutuhkan, komunikasikan dengan teman satu tim"
11,15,30,25,Good,Exp,3,"Permainan sangat baik, pertahankan permainan mu, tingkatkan kemampuan micro, macro serta mekanik, perhatikan posisi lawan agar tidak terpick off dan jangan over commit"
27,39,82,54,Good,Exp,3,"Permainan sangat baik, pertahankan permainan mu, tingkatkan kemampuan micro, macro serta mekanik, perhatikan posisi lawan agar tidak terpick off dan jangan over commit"
18,26,77,83,Good,Exp,3,"Permainan sangat baik, pertahankan permainan mu, tingkatkan kemampuan micro, macro serta mekanik"
23,25,53,17,Bad,Exp,3,"Permainan kurang baik, fokus untuk clear minion kemudian, ikut perang jika dibutuhkan, komunikasikan dengan teman satu tim"
10,25,60,0,Bad,Exp,3,"Permainan kurang baik, fokus untuk clear minion kemudian, ikut perang jika dibutuhkan, komunikasikan dengan teman satu tim"
15,13,37,18,Bad,Exp,3,"Permainan kurang bagus, tingkatkan lagi untuk objektif turret, kemudian melakukan rotasi jika dibutuhkan"
19,27,33,0,Bad,Exp,3,"Permainan kurang baik, fokus untuk clear minion kemudian, ikut perang jika dibutuhkan, komunikasikan dengan teman satu tim"
23,30,65,12,Bad,Exp,3,"Permainan kurang baik, fokus untuk clear minion kemudian, ikut perang jika dibutuhkan, komunikasikan dengan teman satu tim"
18,26,48,0,Bad,Exp,3,"Permainan kurang baik, fokus untuk clear minion kemudian, ikut perang jika dibutuhkan, komunikasikan dengan teman satu tim"
19,22,44,36,Good,Exp,3,"tingkatkan lagi untuk objektif turret, jangan over commit saat by one maupun saat war"
16,18,52,40,Good,Exp,3,"Permainan sangat baik, pertahankan permainan mu, tingkatkan kemampuan micro, macro serta mekanik, perhatikan posisi lawan agar tidak terpick off dan jangan over commit"
17,20,32,24,Good,Exp,3,"tingkatkan lagi untuk objektif turret, jangan over commit saat by one maupun saat war"
26,39,70,13,Bad,Exp,3,"Permainan kurang baik, fokus untuk clear minion kemudian, ikut perang jika dibutuhkan, komunikasikan dengan teman satu tim"
18,26,43,21,Bad,Exp,3,"Permainan kurang baik, fokus untuk clear minion kemudian, ikut perang jika dibutuhkan, komunikasikan dengan teman satu tim"
20,36,32,10,Bad,Exp,3,"Permainan kurang baik, fokus untuk clear minion kemudian, ikut perang jika dibutuhkan, komunikasikan dengan teman satu tim"
12,20,50,0,Bad,Exp,3,"Permainan kurang baik, fokus untuk clear minion kemudian, ikut perang jika dibutuhkan, komunikasikan dengan teman satu tim"
26,29,31,16,Bad,Exp,3,"Permainan kurang baik, fokus untuk clear minion kemudian, ikut perang jika dibutuhkan, komunikasikan dengan teman satu tim"
12,21,25,37,Good,Exp,3,"Permainan sangat baik, pertahankan permainan mu, tingkatkan kemampuan micro, macro serta mekanik, perhatikan posisi lawan agar tidak terpick off dan jangan over commit"
13,12,40,0,Bad,Exp,3,"Permainan kurang baik, fokus untuk clear minion kemudian, ikut perang jika dibutuhkan, komunikasikan dengan teman satu tim"
7,25,17,4,Bad,Exp,3,"Terlalu sering terpick off, fokus unutk melakukan objektif terlebih dahulu, jangan memaksa jika sering mati, komunikasikan dengan tim"
4,11,6,0,Bad,Exp,3,"Permainan sangat buruk, fokus objektif dan melakukan rotasi jika memungkinkan, jangan terlalu over commit saat by one maupun war"
13,26,0,33,Bad,Exp,3,"perhatikan map dan komunikasikan dengan teman agar tidak terkena ganking, objektif sudah bagus, lakukan rotasi dan bantu tim saat war"
26,28,47,15,Bad,Exp,3,"Permainan sudah bagus, tingkatkan lagi untuk objektif turret, jangan sering terpick off, perhatikan map dan komikasikan dengan tim"
23,27,69,96,Good,Exp,3,"Permainan sangat baik, pertahankan permainan mu, tingkatkan kemampuan micro, macro serta mekanik, perhatikan posisi lawan agar tidak terpick off dan jangan over commit"
31,35,88,33,Bad,Exp,3,"Permainan sudah bagus, tingkatkan lagi untuk objektif turret, jangan sering terpick off, perhatikan map dan komikasikan dengan tim"
27,31,64,19,Bad,Exp,3,"Permainan kurang baik, fokus untuk clear minion kemudian, ikut perang jika dibutuhkan, komunikasikan dengan teman satu tim"
17,32,48,0,Bad,Exp,3,"Permainan kurang baik, fokus untuk clear minion kemudian, ikut perang jika dibutuhkan,jika tidak maka lakukan objektif turret, komunikasikan dengan teman satu tim,"
14,19,47,16,Bad,Exp,3,"Permainan kurang baik, fokus untuk clear minion kemudian, ikut perang jika dibutuhkan, komunikasikan dengan teman satu tim"
7,25,0,0,Bad,Exp,3,"Permainan sangat buruk, perhatikan posisi dan mapping lawan, agar tidak sering terpick off, lakkan objektif dan rotasi jika diperlukan"
15,28,45,26,Bad,Exp,3,"Fokus untuk objektif, jika tidak bisa rotasi maka tahan lane, jangan paksa untuk melakukan by one"
27,32,54,0,Bad,Exp,3,"Permainan kurang baik, fokus untuk clear minion kemudian, ikut perang jika dibutuhkan, komunikasikan dengan teman satu tim"
18,28,43,27,Bad,Exp,3,"Permainan cukup bagus, hanya terlalu over commit, jangan terlalu memaksa turret jika berhasil clear lane, perhatikan map terlebih dahulu"
16,38,57,41,Good,Exp,3,"Permainan sangat baik, pertahankan permainan mu, tingkatkan kemampuan micro, macro serta mekanik, perhatikan posisi lawan agar tidak terpick off dan jangan over commit"
15,16,38,17,Bad,Exp,3,"Terfokus pada penjagaan lane, kurang partisipasi dalam teamfight namun bisa  mempertahankan lane"
21,21,29,59,Bad,Exp,3,memfokuskan pada penjagaan lane dan menghancurkan turret namun kurang partisipasi dalam team fight
28,33,50,24,Bad,Exp,3,penerimaan damage yang cukup besar  dan focus kepada penghancuran turret dilane yang ditempati.
26,31,52,13,Bad,Exp,3,"Damage dealer tertinggi dalam tim, rate damage taken yg cukup baik sebagai offlaner hampir menyamai tank, partisipasi war yang baik, rate turret damage lawan yang sangat kurang sebagai offlaner."
18,22,62,56,Good,Exp,3,"Rate turret damage yang sangat baik sebagai offlaner, dan partisipasi war yang cukup baik."
19,17,35,1,Good,Mid,4,"Permainan yang baik, partisipasi dalam perang sudah baik, perhatikan posisi saat perang agar tidak terpick off "
16,14,0,26,Normal,Mid,4,"fokus objektif merupakan hal yang bagus namun jangan lupa untuk membantu dalam peperangan, dan melakukan rotasi  untuk membantu sisi samping"
25,18,71,11,Bad,Mid,4,"fokus untuk memberikan damage kepada hero lawan , namun tetap menjaga posisi dan selalu memperhatikan map agar tidak terkena surprise attack"
13,13,34,19,Bad,Mid,4,"terlalu sering ter pick off sehingga merugikan tim, jaga posisi dan jangan terlalu over commit, fokus memberikan damage dan cover jungler jika diperlukan"
13,10,24,0,Good,Mid,4,"Permainan yang baik, partisipasi dalam perang sudah baik, perhatikan posisi saat perang agar tidak terpick off "
42,24,50,0,Good,Mid,4,"Permainan yang baik, partisipasi dalam perang sudah baik, perhatikan posisi saat perang agar tidak terpick off "
20,19,47,2,Bad,Mid,4,"tingkatkan untuk memberikan damage terhadap hero lawan, namun jangan terlalu over commit "
21,21,76,0,Bad,Mid,4,"terlalu sering ter pick off sehingga merugikan tim, jaga posisi dan jangan terlalu over commit, fokus memberikan damage dan cover jungler jika diperlukan"
16,10,61,20,Bad,Mid,4,"tingkatkan untuk memberikan damage terhadap hero lawan, namun jangan terlalu over commit perhatikan posisi dan selalu perhatikan map"
12,11,45,11,Bad,Mid,4,"tingkatkan untuk memberikan damage terhadap hero lawan, namun jangan terlalu over commit perhatikan posisi dan selalu perhatikan map"
23,12,43,12,Good,Mid,4,"Permainan yang baik, partisipasi dalam perang sudah baik, perhatikan posisi saat perang agar tidak terpick off "
37,13,75,24,Good,Mid,4,"Permainan yang baik, partisipasi dalam perang sudah baik, perhatikan posisi saat perang agar tidak terpick off "
8,14,0,0,Bad,Mid,4,"Permainan buruk, bantu tim saat perang dan saat melakukan ganking, fokus memberikan poking atau burst damage ke hero lawan"
28,15,50,100,Bad,Mid,4,"fokus objektif merupakan hal yang bagus namun jangan lupa untuk membantu dalam peperangan, dan melakukan rotasi  untuk membantu sisi samping, selain itu perhatikan map dan posisi"
29,19,83,12,Normal,Mid,4,"perhatikan map dan selalu komunikasikan dengan tim untuk info posisi lawan, hati-hati agar tidak terpick off duluan"
22,18,40,0,Good,Mid,4,"Pertahankan permainanmu, damage dan rotasi yang kamu berikan sudah bagus, namun perhatikan posisi dan jangan over commit"
28,12,56,2,Good,Mid,4,"Pertahankan permainanmu, damage dan rotasi yang kamu berikan sudah bagus"
22,16,76,24,Bad,Mid,4,"Tingkatkan lagi untuk memberikan damage kepada hero lawan, cari posisi yang aman ketika ganking dan perang"
17,22,77,10,Bad,Mid,4,"perhatikan posisi dan perhatikan map agar tidak terpick off oleh hero lawan,  jangan terburu-buru perhatikan sekeliling terutama untuk hero back door"
35,10,69,22,Good,Mid,4,"Pertahankan permainanmu, damage dan rotasi yang kamu berikan sudah bagus"
28,11,48,25,Bad,Mid,4,"fokus objektif merupakan hal yang bagus namun jangan lupa untuk membantu dalam peperangan, dan melakukan rotasi  untuk membantu sisi samping"
11,17,63,0,Bad,Mid,4,"perhatikan posisi dan perhatikan map agar tidak terpick off oleh hero lawan,  jangan terburu-buru perhatikan sekeliling terutama untuk hero back door"
29,13,79,6,Normal,Mid,4,"perhatikan map dan selalu komunikasikan dengan tim untuk info posisi lawan, hati-hati agar tidak terpick off duluan"
33,6,13,75,Bad,Mid,4,"fokus objektif merupakan hal yang bagus namun jangan lupa untuk membantu dalam peperangan, dan melakukan rotasi  untuk membantu sisi samping. Tingkatkan lagi komunikasi dengan tim"
22,14,58,19,Bad,Mid,4,"Tingkatkan lagi untuk memberikan damage kepada hero lawan, cari posisi yang aman ketika ganking dan perang, rotasi sudah baik"
13,13,20,21,Bad,Mid,4,"Tingkatkan lagi untuk memberikan damage kepada hero lawan, cari posisi yang aman ketika ganking dan perang"
20,16,58,18,Bad,Mid,4,"Tingkatkan lagi untuk memberikan damage kepada hero lawan, cari posisi yang aman ketika ganking dan perang"
17,15,57,6,Bad,Mid,4,"Tingkatkan lagi untuk memberikan damage kepada hero lawan, cari posisi yang aman ketika ganking dan perang"
29,10,73,0,Good,Mid,4,"Permainan yang baik, partisipasi dalam perang sudah baik, perhatikan posisi saat perang agar tidak terpick off "
14,7,42,3,Bad,Mid,4,"Rotasi sudah bagus, berikan poking damage kepada lawan, perhatikan posisi dan map agar tidak terpick off oleh hero yang melakukan serangn dari belakang"
27,13,63,24,Bad,Mid,4,"Rotasi sudah bagus, berikan poking damage kepada lawan, perhatikan posisi dan map agar tidak terpick off oleh hero yang melakukan serangn dari belakang"
25,7,82,9,Normal,Mid,4,"Damage yang diberikan sudah baik hanya perlu ditingkatkan lagi, untuk rotasi juga cukup baik, terus tingkatkan lagi"
16,19,69,0,Bad,Mid,4,"perhatikan posisi dan perhatikan map agar tidak terpick off oleh hero lawan,  jangan terburu-buru perhatikan sekeliling terutama untuk hero back door"
24,18,60,4,Bad,Mid,4,"Rotasi sudah bagus, berikan poking damage kepada lawan, perhatikan posisi dan map agar tidak terpick off oleh hero yang melakukan serangn dari belakang"
25,14,50,0,Good,Mid,4,"Permainan yang baik, partisipasi dalam perang sudah baik, perhatikan posisi saat perang agar tidak terpick off "
25,14,68,28,Bad,Mid,4,"Tingkatkan poking damage atau burst kepada hero lawan, objektif memang penting namun tetp fokus untuk memberikan damage dan melindung jungler"
26,19,48,26,Bad,Mid,4,"Rotasi sudah bagus, berikan poking damage kepada lawan, perhatikan posisi dan map agar tidak terpick off oleh hero yang melakukan serangn dari belakang"
27,16,65,11,Normal,Mid,4,"Damage yang diberikan sudah baik hanya perlu ditingkatkan lagi, untuk rotasi juga cukup baik, terus tingkatkan lagi"
24,15,67,7,Bad,Mid,4,"Rotasi sudah bagus, berikan poking damage kepada lawan, perhatikan posisi dan map agar tidak terpick off oleh hero yang melakukan serangn dari belakang"
19,14,52,4,Bad,Mid,4,"Jangan over commit, perhatikan posisi saat memberikan damage kepada lawan, untuk rotasi sudah baik"
17,8,45,12,Bad,Mid,4,"Rotasi sudah bagus, berikan poking damage kepada lawan, perhatikan posisi dan map agar tidak terpick off oleh hero yang melakukan serangn dari belakang"
27,14,67,8,Normal,Mid,4,"permainan sudah bagus, pehatikan posisi saat perang dan fokus memberikan poking damage atau burst damage"
26,7,53,7,Good,Mid,4,"Permainan yang baik, partisipasi dalam perang sudah baik, perhatikan posisi saat perang agar tidak terpick off "
29,15,63,2,Good,Mid,4,"Permainan yang baik, partisipasi dalam perang sudah baik, perhatikan posisi saat perang agar tidak terpick off "
21,13,31,0,Good,Mid,4,"Permainan yang baik, partisipasi dalam perang sudah baik, perhatikan posisi saat perang agar tidak terpick off "
23,14,44,12,Bad,Mid,4,"Tingkatkan lagi untuk memberikan damage kepada hero lawan, cari posisi yang aman ketika ganking dan perang, untuk rotasi  dan partisipasi dalam perang sudah baik"
32,18,20,0,Good,Mid,4,"Permainan bagus namun tingkatkan lagi rotasimu untuk membantu sisi samping, serta perhatikan posisi jangan terlalu banyak memakan damage lawan"
34,13,50,4,Good,Mid,4,"Permainan yang baik, partisipasi dalam perang sudah baik, perhatikan posisi saat perang agar tidak terpick off "
18,27,81,0,Bad,Mid,4,"perhatikan posisi dan perhatikan map agar tidak terpick off oleh hero lawan,  jangan terburu-buru perhatikan sekeliling terutama untuk hero back door"
35,19,100,0,Normal,Mid,4,"Damage yang diberikan sudah baik hanya perlu ditingkatkan lagi, untuk rotasi juga cukup baik, terus tingkatkan lagi"
27,11,44,9,Good,Mid,4,"Permainan yang baik, partisipasi dalam perang sudah baik, perhatikan posisi saat perang agar tidak terpick off "
21,14,54,0,Bad,Mid,4,"Tingkatkan lagi untuk memberikan damage kepada hero lawan, cari posisi yang aman ketika ganking dan perang, untuk rotasi  dan partisipasi dalam perang sudah baik"
17,8,65,8,Bad,Mid,4,"Tingkatkan lagi untuk memberikan damage kepada hero lawan, cari posisi yang aman ketika ganking dan perang, untuk rotasi  dan partisipasi dalam perang sudah baik"
26,9,53,38,Bad,Mid,4,"Tingkatkan lagi untuk memberikan damage kepada hero lawan, cari posisi yang aman ketika ganking dan perang, untuk rotasi  dan partisipasi dalam perang sudah baik"
23,7,55,24,Bad,Mid,4,"Tingkatkan lagi untuk memberikan damage kepada hero lawan, cari posisi yang aman ketika ganking dan perang, untuk rotasi  dan partisipasi dalam perang sudah baik"
26,13,53,5,Good,Mid,4,"Permainan yang baik, partisipasi dalam perang sudah baik, perhatikan posisi saat perang agar tidak terpick off "
18,16,50,0,Bad,Mid,4,"perhatikan map dan komunikasikan posisi lawan, jangan over commit saat memberkan damage"
33,8,52,5,Good,Mid,4,"Permainan yang baik, partisipasi dalam perang sudah baik, perhatikan posisi saat perang agar tidak terpick off "
35,11,77,0,Good,Mid,4,"Permainan yang baik, partisipasi dalam perang sudah baik, perhatikan posisi saat perang agar tidak terpick off "
23,11,54,9,Normal,Mid,4,"Damage yang diberikan sudah baik hanya perlu ditingkatkan lagi, untuk rotasi juga cukup baik, terus tingkatkan lagi"
15,20,36,0,Bad,Mid,4,"Tingkatkan lagi untuk memberikan damage kepada hero lawan, cari posisi yang aman ketika ganking dan perang"
22,14,37,0,Good,Mid,4,Hero damage yang diberikan cukup banyak teamfight yang dilakukan cukup baik namun makro yang kurang maksimal.
28,11,80,0,Normal,Mid,4,Partisipasi teamfight yang tinggi dan mampu memberikan hero damage yang cukup besar kepda lawan.
29,13,72,7,Normal,Mid,4,Teamfight yang cukup bagus damage yang cukup banyak diberikan dan makro yang cukup baik
31,10,65,0,Good,Mid,4,Partisipasi yang cukup baik dalam teamfight dan hero damage yang cukup besar diberikan kpada lawan
29,14,64,0,Good,Mid,4,"Kerja sama antar anggota tim cukup baik saat sedang perang, namun kerjasama untuk menjalankan tugas utama (menghancurkan turret) kurang baik. Permainan perlu ditingkatkan "
22,7,60,8,Normal,Mid,4,"Kerja sama antar anggota tim cukup baik saat sedang perang, namun kerjasama untuk menjalankan tugas utama (menghancurkan turret) kurang baik. Beruntung anggota lain dapat menguasai permainan. Permainan perlu ditingkatkan "
5,30,63,0,Good,Roam,5,"Permainan seorang tank yang sangat baik, selalu hadir saat perang dan rotasi  membantu sisi samping"
20,13,67,2,Bad,Roam,5,"Fokus untuk melindungi bukan untuk memberikan damage, bantu untuk tahan badan saat perang"
13,23,45,4,Good,Roam,5,"Permainan sudah baik, tingkatkan lagi rotasi untuk membackup sisi samping, dan jangan takut mati"
21,35,52,0,Good,Roam,5,"rotasi untuk membantu sudah baik, tidak usah terlalu fokus untuk membunuh hero lawan kecuali kondisi memaksa"
15,17,100,0,Bad,Roam,5,"Terlalu sering melakukan war, jangan melakukan inisiasi dan komunikasi kan kepada tim sehingga perang tidak sia-sia"
18,41,56,2,Good,Roam,5,"Permainan seorang tank yang sangat baik, selalu hadir saat perang dan rotasi  membantu sisi samping"
20,32,53,4,Good,Roam,5,"Permainan sudah baik, tingkatkan lagi rotasi untuk membackup sisi samping, dan jangan takut mati"
21,25,83,11,Bad,Roam,5,"Tugas sebagai sudah terlaksana dengan baik, namun terlalu fokus untuk memberikan damage kepada hero lawan"
13,33,48,7,Good,Roam,5,"Permainan sudah baik, tingkatkan lagi rotasi untuk membackup sisi samping, dan jangan takut mati"
6,26,43,6,Good,Roam,5,"Permainan baik, tingkatkan lagi rotasi untuk membackup sisi samping, dan jangan takut mati"
4,20,33,4,Good,Roam,5,"Permainan baik, tingkatkan lagi rotasi untuk membackup sisi samping, dan jangan takut mati"
10,16,0,0,Bad,Roam,5,"Permainan sangat buruk, tidak ikut berpartisipasi dalam setiap war. Tingkatkan rotasi lagi"
12,26,25,0,Good,Roam,5,"Permainan sudah baik, tingkatkan lagi rotasi untuk membackup sisi samping, dan jangan takut mati"
16,13,52,3,Bad,Roam,5,Partisipasi dalam perang sudah bagus namun damage yang diterima terlalu sedikit dan lebih fokus untuk memberikan damage. Jadilah perisai untuk tim mu
18,28,50,15,Good,Roam,5,"Permainan cukup baik, jangan takut mati karena melindungi adalah tugas seorang tank"
20,19,40,0,Bad,Roam,5,Partisipasi dalam perang sudah bagus namun damage yang diterima terlalu sedikit dan lebih fokus untuk memberikan damage. Jadilah perisai untuk tim mu
17,27,78,2,Normal,Roam,5,"Permainan baik, rotasi untuk membackup sisi samping sudah baik, namun tingkatkan lagi untuk tahan badan terhadap serangan lawan"
9,30,88,1,Normal,Roam,5,"Permainan baik, tingkatkan lagi rotasi untuk membackup sisi samping, dan jangan ragu saat mengcover teman"
13,19,92,14,Bad,Roam,5,"Terlalu sering melakukan war, jangan melakukan inisiasi jika ragu dan komunikasi kan kepada tim sehingga perang tidak sia-sia"
17,21,62,14,Bad,Roam,5,"Terlalu sering melakukan war, jangan melakukan inisiasi jika ragu dan komunikasi kan kepada tim sehingga perang tidak sia-sia"
12,25,59,6,Normal,Roam,5,"Permainan sudah baik, tingkatkan lagi rotasi untuk membackup sisi samping, dan jangan takut mati"
13,33,56,0,Good,Roam,5,"Rotasi dan cover hero sudah baik, terus pertahankan"
17,24,88,6,Bad,Roam,5,"Terlalu sering melakukan war, jangan melakukan inisiasi jika ragu dan komunikasi kan kepada tim sehingga perang tidak sia-sia"
13,25,59,6,Normal,Roam,5,"Rotasi dan cover hero sudah baik, hanya sedikit ragu saat mengcover"
13,33,26,0,Good,Roam,5,"Cover sudah baik, tingkatkan lagi rotasi dan partisipasi saat perang"
13,27,47,5,Good,Roam,5,"Permainan sudah baik,  rotasi sudah bagus untuk membackup sisi samping, dan jangan takut mati"
13,33,37,0,Good,Roam,5,"Permainan sudah baik,  rotasi sudah bagus untuk membackup sisi samping, dan jangan takut mati"
9,35,58,0,Good,Roam,5,"Permainan yang mengesankan, partisipasi saat peperangan sangat baik, jangan takut mati saat perang berlangsung"
12,31,52,3,Good,Roam,5,"Permainan yang mengesankan, partisipasi saat peperangan sangat baik, jangan takut mati saat perang berlangsung"
10,40,73,5,Good,Roam,5,"Permainan yang mengesankan, partisipasi saat peperangan sangat baik, jangan takut mati saat perang berlangsung"
9,26,63,0,Bad,Roam,5,"Terlalu sering melakukan war, jangan melakukan inisiasi jika ragu dan komunikasi kan kepada tim sehingga perang tidak sia-sia"
12,38,60,12,Good,Roam,5,"Permainan yang mengesankan, partisipasi saat peperangan sangat baik, jangan takut mati saat perang berlangsung"
8,25,57,9,Good,Roam,5,"Permainan yang mengesankan, partisipasi saat peperangan sangat baik, jangan takut mati saat perang berlangsung"
14,30,67,12,Normal,Roam,5,"Permainan yang mengesankan, partisipasi saat peperangan sangat baik, jangan takut mati saat perang berlangsung"
7,29,52,6,Good,Roam,5,"Permainan yang mengesankan, partisipasi saat peperangan sangat baik, jangan takut mati saat perang berlangsung"
11,29,52,0,Good,Roam,5,"Permainan yang mengesankan, partisipasi saat peperangan sangat baik, jangan takut mati saat perang berlangsung"
9,30,56,3,Good,Roam,5,"Permainan yang mengesankan, partisipasi saat peperangan sangat baik, jangan takut mati saat perang berlangsung"
17,33,76,3,Good,Roam,5,"Permainan yang mengesankan, partisipasi saat peperangan sangat baik, jangan takut mati saat perang berlangsung"
9,31,48,3,Good,Roam,5,"Permainan yang mengesankan, partisipasi saat peperangan sangat baik, jangan takut mati saat perang berlangsung"
14,25,40,4,Good,Roam,5,"Permainan yang mengesankan, partisipasi saat peperangan sangat baik, jangan takut mati saat perang berlangsung"
13,36,80,0,Good,Roam,5,"Permainan yang mengesankan, partisipasi saat peperangan sangat baik, jangan takut mati saat perang berlangsung"
9,24,39,11,Good,Roam,5,"Permainan yang mengesankan, partisipasi saat peperangan sangat baik, jangan takut mati saat perang berlangsung"
9,25,30,9,Good,Roam,5,"Permainan yang mengesankan, partisipasi saat peperangan sangat baik, jangan takut mati saat perang berlangsung"
13,35,63,3,Good,Roam,5,"Permainan yang mengesankan, partisipasi saat peperangan sangat baik, jangan takut mati saat perang berlangsung"
9,36,66,3,Good,Roam,5,"Permainan yang mengesankan, partisipasi saat peperangan sangat baik, jangan takut mati saat perang berlangsung"
25,31,80,0,Bad,Roam,5,"Terlalu fokus kepada memberikan damage, sehingga kurang mengcover teman satu tim, namun untuk rotasinya sudah baik"
26,18,58,35,Bad,Roam,5,"Terlalu fokus kepada memberikan damage, sehingga kurang mengcover teman satu tim, objektif turret penting namun melindungi adalah hal utama"
9,25,75,0,Bad,Roam,5,"Rotasi sudah baik, namun masih ragu saat sedang menahan serangan lawan, jagan ragu asalakan tim kita selamat"
17,18,67,0,Bad,Roam,5,"Jangan takut mati saat perang berlangsung, agar teman satu tim aman"
8,14,53,9,Bad,Roam,5,"Jangan takut mati saat perang berlangsung, agar teman satu tim aman"
8,27,46,0,Good,Roam,5,"Permainan yang mengesankan, partisipasi saat peperangan sangat baik, jangan takut mati saat perang berlangsung"
7,33,59,1,Good,Roam,5,"Permainan yang mengesankan, partisipasi saat peperangan sangat baik, jangan takut mati saat perang berlangsung"
9,27,47,6,Good,Roam,5,"Permainan yang mengesankan, partisipasi saat peperangan sangat baik, jangan takut mati saat perang berlangsung"
19,29,69,3,Normal,Roam,5,"Permainan yang mengesankan, partisipasi saat peperangan sangat baik, jangan takut mati saat perang berlangsung"
10,32,59,6,Good,Roam,5,"Permainan yang mengesankan, partisipasi saat peperangan sangat baik, jangan takut mati saat perang berlangsung"
19,31,100,0,Normal,Roam,5,"Permaina sangat luar biasa, rotasi  dan cover sudah baik, namun jangan ragu saat tahan badan"
6,31,39,8,Good,Roam,5,"Permainan yang mengesankan, partisipasi saat peperangan sangat baik, jangan takut mati saat perang berlangsung"
9,31,69,0,Good,Roam,5,"Permainan yang mengesankan, partisipasi saat peperangan sangat baik, jangan takut mati saat perang berlangsung"
5,28,64,6,Good,Roam,5,"Permainan yang mengesankan, partisipasi saat peperangan sangat baik, jangan takut mati saat perang berlangsung"
22,22,86,22,Bad,Roam,5,"Fokus untuk melindungi bukan untuk memberikan damage, bantu untuk tahan badan saat perang"
10,17,57,6,Normal,Roam,5,Memiliki partisipasi besar dalam teamfight  dan penguasaan map(makro) yang cukup baik.
15,35,33,2,Good,Roam,5,"Damage taken yang sangat baik sebagai tanker, dan partisipasi war yang cukup baik."
